customer_id,customer_name,latitude,longitude,state,total_weight_kg,total_volume_m3,assigned_truck_type
1,Apollo Foods,19.0915,72.8935,Maharashtra,1000.0,1.5,Medium Truck
3,Chaitanya Distributors,18.5204,73.8567,Maharashtra,800.0,1.2,Mini Truck
10,Jain Suppliers,21.1458,79.0882,Maharashtra,1300.0,4.0,Medium Truck
11,Krishna Traders,19.9975,73.7898,Maharashtra,760.0,2.65,Tempo
12,Lokmanya Stores,16.705,74.2433,Maharashtra,1080.0,1.9,Medium Truck
13,Mahadev Mart,19.8762,75.3433,Maharashtra,1690.0,5.2,Medium Truck
14,Om Supermart,17.6599,75.9064,Maharashtra,1000.0,2.75,Medium Truck
15,Patil Wholesalers,20.9374,77.7796,Maharashtra,1200.0,2.1,Medium Truck
16,Satara Traders,17.68,74.0075,Maharashtra,700.0,1.05,Tempo
